<raytracer>

    <camera type="perspective" name="directional_light_reference_mirror_02"> 
        <!--- The camera frame -->
        <position x="4" y="5.5" z="15"/> <!--- located at the origin -->         
        <target x="0" y="0" z="2.3"/>  <!--- looking down the -Z axis -->        
        <up x="0" y="1" z="0"/>       <!--- the camera's up vector -->         
        
        <!--- Specific parameters for perspective projection -->         
        <fovy value="24.0" />   <!--- The vertical field of view -->         
        <aspect value="1.56"/>  <!--- Optional parameter, aspect ration W/H -->         
        <fdistance value="1" /> <!--- The focal distance  -->        
        
         <!--- Retina/image dimensions -->         
        <width value="2800"/>
        <height value="1800"/>        
        <img_file name="directional_light_reference_mirror_02" type="PNG" />    
    </camera>

    
    <!--- The Scene -->
    <scene>
    <!--- The Background -->
        <background type="interpolation"> <!-- This defines an interpolated background -->
            <color r="153"  g="204"   b="255"/> <!-- bottom left  -->
            <color r="18"   g="10"    b="143"/> <!-- top left     -->
            <color r="18"   g="10"    b="143"/> <!-- top right    -->
            <color r="153"  g="204"   b="255"/> <!-- bottom right -->
                <!-- <color r="127"  g="0"     b="0"/>  bottom right -->
        </background>

        <!-- Front-left pyramid -->
        <object type="sphere" name="sphere1a" material= "red_2">
            <radius value="0.5"/>
            <center x="-3" y="0" z="2"/>
        </object>
        <object type="sphere" name="sphere1b" material="red_1">
            <radius value="0.5"/>
            <center x="-2.5" y="0" z="2.86"/>
        </object>
        <object type="sphere" name="spher1c" material="red_3">
            <radius value="0.5"/>
            <center x="-2" y="0" z="2"/>
        </object>
        <object type="sphere" name="spher1c" material="red">
            <radius value="0.5"/>
            <center x="-2.5" y="0.79" z="2.29"/>
        </object>


        <!-- Front-right pyramid -->
        <object type="sphere" name="sphere1a" material="blue_2">
            <radius value="0.5"/>
            <center x="3" y="0" z="2"/>
        </object>
        <object type="sphere" name="sphere1b" material="blue_1">
            <radius value="0.5"/>
            <center x="2.5" y="0" z="2.86"/>
        </object>
        <object type="sphere" name="spher1c" material="blue_3">
            <radius value="0.5"/>
            <center x="2" y="0" z="2"/>
        </object>
        <object type="sphere" name="spher1c" material="blue">
            <radius value="0.5"/>
            <center x="2.5" y="0.79" z="2.29"/>
        </object>

        <!-- Back-center pyramid -->
        <object type="sphere" name="sphere1a" material="green_2">
            <radius value="0.5"/>
            <center x="-0.5" y="0" z="-2"/>
        </object>
        <object type="sphere" name="spher1c" material="green_1">
            <radius value="0.5"/>
            <center x="0.5" y="0" z="-2"/>
        </object>
        <object type="sphere" name="sphere1b" material="green_3">
            <radius value="0.5"/>
            <center x="0" y="0" z="-2.86"/>
        </object>
        <object type="sphere" name="spher1c" material="green">
            <radius value="0.5"/>
            <center x="0" y="0.79" z="-2.29"/>
        </object>

        <!-- Center-front pyramid -->
        <object type="sphere" name="sphere1a" material="yellow_2">
            <radius value="0.5"/>
            <center x="-0.5" y="0" z="6"/>
        </object>
        <object type="sphere" name="spher1c" material="yellow_1">
            <radius value="0.5"/>
            <center x="0.5" y="0" z="6"/>
        </object>
        <object type="sphere" name="sphere1b" material="yellow">
            <radius value="0.5"/>
            <center x="0" y="0" z="6.86"/>
        </object>
        <object type="sphere" name="spher1c" material="gold">
            <radius value="0.5"/>
            <center x="0" y="0.79" z="6.29"/>
        </object>

        <!-- Ground -->
        <object type="sphere" name="sphere4" material="grey">
            <radius value="5000"/>
            <center x="0" y="-5000.5" z="-1"/>
        </object>

        <!--- Library of materials -->
        <material type="blinn" name="gold">
            <ambient r="0.6" g="0.6" b="0.6"/>
            <diffuse r="1" g="0.65" b="0.0"/>
            <specular r="0.8" g="0.6" b="0.2"/>
            <glossiness value="512"/>
        </material>
        <material type="blinn" name="red">
            <ambient r="0.6" g="0.6" b="0.6"/>
            <diffuse r="1" g="0" b="0"/>
            <specular r="0.8" g="0.8" b="0.8"/>
            <glossiness value="64"/>
        </material>
        <material type="blinn" name="red_1">
            <ambient r="0.6" g="0.6" b="0.6"/>
            <diffuse r="1" g="0.2" b="0.2"/>
            <specular r="0.8" g="0.8" b="0.8"/>
            <glossiness value="64"/>
        </material>
        <material type="blinn" name="red_2">
            <ambient r="0.6" g="0.6" b="0.6"/>
            <diffuse r="1" g="0.4" b="0.4"/>
            <specular r="0.8" g="0.8" b="0.8"/>
            <glossiness value="64"/>
        </material>
        <material type="blinn" name="red_3">
            <ambient r="0.6" g="0.6" b="0.6"/>
            <diffuse r="1" g="0.6" b="0.6"/>
            <specular r="0.8" g="0.8" b="0.8"/>
            <glossiness value="64"/>
        </material>
        <material type="blinn" name="green">
            <ambient r="0.6" g="0.6" b="0.6"/>
            <diffuse r="0" g="1" b="0"/>
            <specular r="0.8" g="0.8" b="0.8"/>
            <glossiness value="256"/>
        </material>
        <material type="blinn" name="green_1">
            <ambient r="0.6" g="0.6" b="0.6"/>
            <diffuse r="0.2" g="1" b="0.2"/>
            <specular r="0.8" g="0.8" b="0.8"/>
            <glossiness value="256"/>
        </material>
        <material type="blinn" name="green_2">
            <ambient r="0.6" g="0.6" b="0.6"/>
            <diffuse r="0.4" g="1" b="0.4"/>
            <specular r="0.8" g="0.8" b="0.8"/>
            <glossiness value="256"/>
        </material>
        <material type="blinn" name="green_3">
            <ambient r="0.6" g="0.6" b="0.6"/>
            <diffuse r="0.6" g="1.0" b="0.6"/>
            <specular r="0.8" g="0.8" b="0.8"/>
            <glossiness value="256"/>
        </material>
        <material type="blinn" name="blue">
            <ambient r="0.6" g="0.6" b="0.6"/>
            <diffuse r="0.0" g="0.0" b="1"/>
            <specular r="0.8" g="0.8" b="0.8"/>
            <glossiness value="128"/>
        </material>
        <material type="blinn" name="blue_1">
            <ambient r="0.6" g="0.6" b="0.6"/>
            <diffuse r="0.2" g="0.2" b="1"/>
            <specular r="0.8" g="0.8" b="0.8"/>
            <glossiness value="128"/>
        </material>
        <material type="blinn" name="blue_2">
            <ambient r="0.6" g="0.6" b="0.6"/>
            <diffuse r="0.4" g="0.4" b="1"/>
            <specular r="0.8" g="0.8" b="0.8"/>
            <glossiness value="128"/>
        </material>
        <material type="blinn" name="blue_3">
            <ambient r="0.6" g="0.6" b="0.6"/>
            <diffuse r="0.6" g="0.6" b="1"/>
            <specular r="0.8" g="0.8" b="0.8"/>
            <glossiness value="128"/>
        </material>
        <material type="blinn" name="grey">
            <ambient r="0.4" g="0.4" b="0.4"/>
            <diffuse r="1.0" g="1.0" b="1.0"/>
            <specular r="0" g="0" b="0"/>
            <mirror r="0.2" g="0.2" b="0.2"/>
            <glossiness value="0"/>
        </material>
        <material type="blinn" name="white">
            <ambient r="0.1" g="0.1" b="0.1"/>
            <diffuse r="1" g="1" b="1"/>
            <specular r="0.9" g="0.9" b="0.9"/>
            <glossiness value="128"/>
        </material>
        <material type="blinn" name="black">
            <ambient r="0.1" g="0.1" b="0.1"/>
            <diffuse r="0.1" g="0.1" b="0.1"/>
            <specular r="0.9" g="0.9" b="0.9"/>
            <glossiness value="128"/>
        </material>
        <material type="blinn" name="yellow">
            <ambient r="0.1" g="0.1" b="0.1"/>
            <diffuse r="1" g="1" b="0"/>
            <specular r="0.8" g="0.8" b="0.1"/>
            <glossiness value="128"/>
        </material>
        <material type="blinn" name="yellow_1">
            <ambient r="0.1" g="0.1" b="0.1"/>
            <diffuse r="1" g="1" b="0.2"/>
            <specular r="0.8" g="0.8" b="0.1"/>
            <glossiness value="128"/>
        </material>
        <material type="blinn" name="yellow_2">
            <ambient r="0.1" g="0.1" b="0.1"/>
            <diffuse r="1" g="1" b="0.4"/>
            <specular r="0.8" g="0.8" b="0.1"/>
            <glossiness value="128"/>
        </material>
        <material type="blinn" name="magenta">
            <ambient r="0.1" g="0.1" b="0.1"/>
            <diffuse r="1.0" g="0.0" b="1.0"/>
            <specular r="0.8" g="0.8" b="0.1"/>
            <glossiness value="128"/>
        </material>
        <material type="blinn" name="cyan">
            <ambient r="0.1" g="0.1" b="0.1"/>
            <diffuse r="0.0" g="1.0" b="1.0"/>
            <specular r="0.8" g="0.8" b="0.1"/>
            <glossiness value="128"/>
        </material>

        <!-- Lights -->
        <light type="ambient" name="ambient_light">
            <intensity r="0.1" g="0.1" b="0.1"/>
        </light>
        <light type="directional" name="point_light">
            <intensity r="0.9" g="0.9" b="0.9"/>
            <direction x="1" y="0.5" z="1"/>
        </light>
        <light type="directional" name="point_light2">
            <intensity r="0.4" g="0.4" b="0.4"/>
            <direction x="-0.3" y="0.3" z="1"/>
        </light>
    </scene>

    <!--- Running setup -->
    <running>
	    <integrator type="blinn_phong">
		    <spp value="1"/> <!--- Samples per pixel -->
            <depth value="1"/>
	    </integrator>
    </running>


</raytracer>