<raytracer>
	
	<settings>
    	<output_file type="PNG" name="saida"></output_file>
  	</settings>

	<background type="interpolation">
		<color r="0"   g="0"   b="51"/>  <!-- bottom left  -->
      	<color r="0"   g="255" b="51"/>  <!-- top left     -->
      	<color r="255" g="255" b="51"/>  <!-- top right    -->
 		<color r="255" g="0"   b="51"/>  <!-- bottom right -->
  	</background>

	<camera type="perspective">
    	<!--- The camera frame -->
    	<position x="0" y="0" z="0"/> <!--- located at the origin -->
    	<target x="0" y="0" z="-10"/> <!--- looking down the -Z axis -->
    	<up x="0" y="1" z="1"/>       <!--- the camera's up vector -->
    	<!--- Specific parameters for perspective projection -->
    	<fovy value="45.0" />         <!--- The vertical field of view -->
    	<aspect value="1.33"/>        <!--- Optional parameter, aspect ration W/H -->
    	<fdistance value="1" />       <!--- The focal distance -->
    	<!--- Retina/image dimensions -->
    	<width value="40"/>
    	<height value="30"/>
  </camera>
  <scene></scene>
</raytracer>
